admin2_name,admin2_pcode,admin1_name,admin1_pcode,admin0_name,admin0_pcode,number_of_named_languages,main_language,main_language_share,Adasen,Agta,Agta-Dumagat,Agusan Manobo,Agutaynen,Akeanon,Alangan,Ata,Ata-Manobo,Ayangan Ifugao,Ayta language group,Bagobo/Tagabawa,Balangao,Baliwon/Ga'dang,Banao,Bantoanon,Belwang (N.Bontok dialect),Bikol,Binongan,Binukid,Bisaya/Binisaya,B'laan/Blaan language group,Bontok,Bugkalot/Ilongot,Buhid,Cagayanen,Capizeño,Cebuano,Chavacano,Cuyonon/Cuyonen,Davaweño,Dibabawon,Dumagat/Remontado,English,Gaddang,Giangan,Hanunuo,Higaonon,Hiligaynon Ilonggo,Ibaloi/Ibaloy,Ibanag,Ibatan,Ilianen Manobo,Ilocano,Iranun,Iraya,Isinai,Isnag,Itawis,Ivatan,Iwak/Iowak/Owak/I-wak,Jama Mapun,Kalagan,Kalanguya,Kalibugan/Kolibugan,Kalinga language group,Kamiguin,Kankanaey,Kapampangan,Karao,Karay-a,Kirenteken,Mabaka,Maeng,Maguindanao,Majokayong,Mamanwa,Mandaya,Manobo,Manobo-Cotabato,Mansaka,Maranao,Masadiit,Masbateño/Masbatenon,Matigsalog/Matigsalug,Molbog,Muyadan,Obo Manobo,Unspecified Sama language,Palawani,Palawano language group,Pangasinan/Panggalato,Paranan,Romblomanon,Sama Bangingi,Sama Laut,Sangil,Subanen/Subanon/Subanun,Surigaonon,Tadyawan,Tagakaulo,Tagalog,Tagbanua,Tagbanua Calamian,Tau-buid,Tausug,Tboli,Teduray,Tuwali,Waray,Yakan,Yogad,Zambal,Other languages,pop_total,pop_male,pop_female,literacy_all,literacy_male,literacy_female,language_data_yn,data_confidence,notes
#adm2+name,#adm2+code,#adm1+name,#adm1+code,#country+name,#country+code,#indicator+lang+num,#indicator+lang+main,#indicator+lang+main+pct,#indicator+lang+pct+iso639-3_tiu,#indicator+lang+pct+iso639-3_dul,#indicator+lang+pct+iso639-3_dgc,#indicator+lang+pct+iso639-3_msm,#indicator+lang+pct+iso639-3_agn,#indicator+lang+pct+iso639-3_akl,#indicator+lang+pct+iso639-3_alj,#indicator+lang+pct+iso639-3_atm,#indicator+lang+pct+iso639-3_atd,#indicator+lang+pct+iso639-3_ifb,#indicator+lang+pct+iso639-3_group,#indicator+lang+pct+iso639-3_bgs,#indicator+lang+pct+iso639-3_blw,#indicator+lang+pct+iso639-3_gdg,#indicator+lang+pct+iso639-3_bjx,#indicator+lang+pct+iso639-3_bno,#indicator+lang+pct+iso639-3_rbk,#indicator+lang+pct+iso639-3_bik,#indicator+lang+pct+iso639-3_itb,#indicator+lang+pct+iso639-3_bkd,#indicator+lang+pct+iso639-3_bsy,#indicator+lang+pct+iso639-3_group,#indicator+lang+pct+iso639-3_bnc,#indicator+lang+pct+iso639-3_ilk,#indicator+lang+pct+iso639-3_bku,#indicator+lang+pct+iso639-3_cgc,#indicator+lang+pct+iso639-3_cps,#indicator+lang+pct+iso639-3_ceb,#indicator+lang+pct+iso639-3_cbk,#indicator+lang+pct+iso639-3_cyo,#indicator+lang+pct+iso639-3_daw,#indicator+lang+pct+iso639-3_mbd,#indicator+lang+pct+iso639-3_agv,#indicator+lang+pct+iso639-3_eng,#indicator+lang+pct+iso639-3_gad,#indicator+lang+pct+iso639-3_bgi,#indicator+lang+pct+iso639-3_hnn,#indicator+lang+pct+iso639-3_mba,#indicator+lang+pct+iso639-3_hil,#indicator+lang+pct+iso639-3_ibl,#indicator+lang+pct+iso639-3_ibg,#indicator+lang+pct+iso639-3_ivb,#indicator+lang+pct+iso639-3_mbi,#indicator+lang+pct+iso639-3_ilo,#indicator+lang+pct+iso639-3_ilp,#indicator+lang+pct+iso639-3_iry,#indicator+lang+pct+iso639-3_inn,#indicator+lang+pct+iso639-3_isd,#indicator+lang+pct+iso639-3_itv,#indicator+lang+pct+iso639-3_ivv,#indicator+lang+pct+iso639-3_iwk,#indicator+lang+pct+iso639-3_sjm,#indicator+lang+pct+iso639-3_kge,#indicator+lang+pct+iso639-3_kak,#indicator+lang+pct+iso639-3_skn,#indicator+lang+pct+iso639-3_group,#indicator+lang+pct+iso639-3_mkx,#indicator+lang+pct+iso639-3_kne,#indicator+lang+pct+iso639-3_pam,#indicator+lang+pct+iso639-3_kyj,#indicator+lang+pct+iso639-3_krj,#indicator+lang+pct+iso639-3_mbb,#indicator+lang+pct+iso639-3_kkg,#indicator+lang+pct+iso639-3_itt,#indicator+lang+pct+iso639-3_mdh,#indicator+lang+pct+iso639-3_kmd,#indicator+lang+pct+iso639-3_mmn,#indicator+lang+pct+iso639-3_mry,#indicator+lang+pct+iso639-3_mno,#indicator+lang+pct+iso639-3_mta,#indicator+lang+pct+iso639-3_msk,#indicator+lang+pct+iso639-3_mrw,#indicator+lang+pct+iso639-3_tis,#indicator+lang+pct+iso639-3_msb,#indicator+lang+pct+iso639-3_mbt,#indicator+lang+pct+iso639-3_pwn,#indicator+lang+pct+iso639-3_ity,#indicator+lang+pct+iso639-3_obo,#indicator+lang+pct+iso639-3_group,#indicator+lang+pct+iso639-3_plc,#indicator+lang+pct+iso639-3_group,#indicator+lang+pct+iso639-3_pag,#indicator+lang+pct+iso639-3_prf,#indicator+lang+pct+iso639-3_rol,#indicator+lang+pct+iso639-3_sse,#indicator+lang+pct+iso639-3_sbb,#indicator+lang+pct+iso639-3_snl,#indicator+lang+pct+iso639-3_syb,#indicator+lang+pct+iso639-3_sgd,#indicator+lang+pct+iso639-3_tdy,#indicator+lang+pct+iso639-3_klg,#indicator+lang+pct+iso639-3_tgl,#indicator+lang+pct+iso639-3_tbw,#indicator+lang+pct+iso639-3_tbk,#indicator+lang+pct+iso639-3_bnj,#indicator+lang+pct+iso639-3_tsg,#indicator+lang+pct+iso639-3_tbl,#indicator+lang+pct+iso639-3_tiy,#indicator+lang+pct+iso639-3_ifk,#indicator+lang+pct+iso639-3_war,#indicator+lang+pct+iso639-3_yka,#indicator+lang+pct+iso639-3_ygo,#indicator+lang+pct+iso639-3_xsb,#indicator+lang+pct+iso639-3_unknown,#population+total,#population+m+total,#population+f+total,#population+total+pct+literate+age10up,#population+m+pct+literate+age10up,#population+f+pct+literate+age10up,#meta+data+bool,#meta+confidence,#meta+text
PH012800000,Ilocos Norte,Ilocos Region (Region I),PH010000000,Philippines (the),PH,4,Ilocano,0.981,0,0,0,0,0,0,0,0,0,0,0,0,0,0,0,0,0,0,0,0,0,0,0,0,0,0,0,0,0,0,0,0,0,0,0,0,0,0,0,0,0,0,0,0.981,0,0,0,0.005,0,0,0,0,0,0,0,0,0,0,0,0,0,0,0,0,0,0,0,0,0,0,0,0.001,0,0,0,0,0,0,0,0,0,0,0,0,0,0,0,0,0,0,0,0.01,0,0,0,0,0,0,0,0,0,0,0,0.002,593081,297930,295151,0.985,0.986,0.984,Y,High,
PH012900000,Ilocos Sur,Ilocos Region (Region I),PH010000000,Philippines (the),PH,5,Ilocano,0.93,0,0,0,0,0,0,0,0,0,0,0,0,0,0,0,0,0,0,0,0,0,0,0,0,0,0,0,0,0,0,0,0,0,0,0,0,0,0,0,0,0,0,0,0.93,0,0,0,0,0,0,0,0,0,0,0,0,0,0.022,0,0,0,0,0,0,0,0,0,0,0,0,0,0.001,0,0,0,0,0,0,0,0,0,0.001,0,0,0,0,0,0,0,0,0,0.011,0,0,0,0,0,0,0,0,0,0,0,0.033,689668,347558,342110,0.988,0.99,0.987,Y,High,
PH013300000,La Union,Ilocos Region (Region I),PH010000000,Philippines (the),PH,7,Ilocano,0.91,0,0,0,0,0,0,0,0,0,0,0,0,0,0,0,0,0,0,0,0,0.001,0,0,0,0,0,0,0,0,0,0,0,0,0.001,0,0,0,0,0,0.001,0,0,0,0.91,0,0,0,0,0,0,0,0,0,0,0,0,0,0.023,0,0,0,0,0,0,0,0,0,0,0,0,0,0,0,0,0,0,0,0,0,0,0,0.011,0,0,0,0,0,0,0,0,0,0.049,0,0,0,0,0,0,0,0,0,0,0,0.002,786653,397101,389552,0.988,0.989,0.987,Y,High,
PH015500000,Pangasinan,Ilocos Region (Region I),PH010000000,Philippines (the),PH,5,Pangasinan/Panggalato,0.447,0,0,0,0,0,0,0,0,0,0,0,0,0,0,0,0,0,0,0,0,0.001,0,0,0,0,0,0,0,0,0,0,0,0,0,0,0,0,0,0,0,0,0,0,0.442,0,0,0,0,0,0,0,0,0,0,0,0,0,0.001,0,0,0,0,0,0,0,0,0,0,0,0,0,0,0,0,0,0,0,0,0,0,0,0.447,0,0,0,0,0,0,0,0,0,0.088,0,0,0,0,0,0,0,0,0,0,0,0.018,2956726,1493708,1463018,0.992,0.992,0.992,Y,High,
PH020900000,Batanes,Cagayan Valley (Region II),PH020000000,Philippines (the),PH,5,Ivatan,0.945,0,0,0,0,0,0,0,0,0,0,0,0,0,0,0,0,0,0,0,0,0,0,0,0,0,0.001,0,0,0,0,0,0,0,0.001,0,0,0,0,0,0,0,0,0,0.004,0,0,0,0,0,0.945,0,0,0,0,0,0,0,0,0,0,0,0,0,0,0,0,0,0,0,0,0,0,0,0,0,0,0,0,0,0,0,0,0,0,0,0,0,0,0,0,0,0.048,0,0,0,0,0,0,0,0,0,0,0,0,17246,8822,8424,0.989,0.992,0.986,Y,High,
PH021500000,Cagayan,Cagayan Valley (Region II),PH020000000,Philippines (the),PH,12,Ilocano,0.701,0,0.002,0,0,0,0,0,0,0,0,0.001,0,0,0,0,0,0,0,0,0,0.001,0,0,0,0,0,0,0,0,0,0,0,0,0,0,0,0,0,0,0,0.06,0.001,0,0.701,0,0,0,0.001,0.185,0,0,0,0,0,0,0.002,0,0.001,0,0,0,0,0,0,0,0,0,0,0,0,0,0.001,0,0,0,0,0,0,0,0,0,0,0,0,0,0,0,0,0,0,0,0.041,0,0,0,0,0,0,0,0,0,0,0,0.002,1199320,607886,591434,0.943,0.937,0.949,Y,High,
PH023100000,Isabela,Cagayan Valley (Region II),PH020000000,Philippines (the),PH,12,Ilocano,0.704,0,0,0,0,0,0,0,0,0,0.001,0,0,0,0,0,0,0,0,0,0,0.001,0,0,0,0,0,0,0,0,0,0,0,0,0,0.007,0,0,0,0,0,0.123,0,0,0.704,0,0,0,0,0.005,0,0,0,0,0,0,0.001,0,0.002,0,0,0,0,0,0,0,0,0,0,0,0,0,0,0,0,0,0,0,0,0,0,0,0.002,0.01,0,0,0,0,0,0,0,0,0.12,0,0,0,0,0,0,0,0,0,0.012,0,0.01,1593566,812580,780986,0.979,0.978,0.981,Y,High,
PH025000000,Nueva Vizcaya,Cagayan Valley (Region II),PH020000000,Philippines (the),PH,14,Ilocano,0.657,0,0,0,0,0,0,0,0,0,0.012,0,0,0,0,0,0,0,0.001,0,0,0.001,0,0,0.005,0,0,0,0,0,0,0,0,0,0,0.008,0,0,0,0,0.039,0,0,0,0.657,0,0,0.01,0,0,0,0.003,0,0,0.104,0,0,0,0.012,0,0,0,0,0,0,0,0,0,0,0,0,0,0.001,0,0,0,0,0,0,0,0,0,0,0,0,0,0,0,0,0,0,0,0.089,0,0,0,0,0,0,0.007,0,0,0,0,0.047,452287,231891,220396,0.971,0.972,0.97,Y,High,
PH025700000,Quirino,Cagayan Valley (Region II),PH020000000,Philippines (the),PH,14,Ilocano,0.767,0,0.003,0,0,0,0,0,0,0,0.027,0,0,0,0,0,0,0,0.001,0,0,0.006,0,0.001,0.015,0,0,0,0,0,0,0,0,0,0,0,0,0,0,0,0.011,0.001,0,0,0.767,0,0,0,0,0,0,0,0,0,0.002,0,0,0,0.01,0,0,0,0,0,0,0,0,0,0,0,0,0,0,0,0,0,0,0,0,0,0,0,0,0,0,0,0,0,0,0,0,0,0.05,0,0,0,0,0,0,0.032,0,0,0.001,0,0.071,188991,97594,91397,0.969,0.968,0.97,Y,High,
PH030800000,Bataan,Central Luzon (Region III),PH030000000,Philippines (the),PH,7,Tagalog,0.97,0,0,0,0,0,0,0,0,0,0,0.001,0,0,0,0,0,0,0.001,0,0,0.004,0,0,0,0,0,0,0,0,0,0,0,0,0,0,0,0,0,0,0,0,0,0,0.004,0,0,0,0,0,0,0,0,0,0,0,0,0,0,0.017,0,0,0,0,0,0,0,0,0,0,0,0,0.001,0,0,0,0,0,0,0,0,0,0,0,0,0,0,0,0,0,0,0,0.97,0,0,0,0,0,0,0,0,0,0,0,0,760650,384613,376037,0.982,0.983,0.982,Y,High,
PH031400000,Bulacan,Central Luzon (Region III),PH030000000,Philippines (the),PH,9,Tagalog,0.986,0,0,0,0,0,0,0,0,0,0,0,0,0,0,0,0,0,0.002,0,0,0.005,0,0,0,0,0,0,0.001,0,0,0,0,0,0,0,0,0,0,0.001,0,0,0,0,0.001,0,0,0,0,0,0,0,0,0,0,0,0,0,0,0.001,0,0,0,0,0,0,0,0,0,0,0,0,0.001,0,0,0,0,0,0,0,0,0,0,0,0,0,0,0,0,0,0,0,0.986,0,0,0,0,0,0,0,0.001,0,0,0,0,3292071,1655917,1636154,0.993,0.993,0.993,Y,High,
PH034900000,Nueva Ecija,Central Luzon (Region III),PH030000000,Philippines (the),PH,6,Tagalog,0.831,0,0,0,0,0,0,0,0,0,0,0,0,0,0,0,0,0,0,0,0,0.001,0,0,0,0,0,0,0,0,0,0,0,0,0,0,0,0,0,0,0.001,0,0,0,0.16,0,0,0,0,0,0,0,0,0,0.001,0,0,0,0,0.002,0,0,0,0,0,0,0,0,0,0,0,0,0,0,0,0,0,0,0,0,0,0,0,0,0,0,0,0,0,0,0,0,0.831,0,0,0,0,0,0,0,0,0,0,0,0.001,2151461,1087343,1064118,0.99,0.99,0.99,Y,High,
PH035400000,Pampanga,Central Luzon (Region III),PH030000000,Philippines (the),PH,12,Kapampangan,0.786,0,0,0,0,0,0,0,0,0,0,0.003,0,0,0,0,0,0,0.002,0,0,0.007,0,0,0,0,0,0,0.001,0,0,0,0,0,0.002,0,0,0,0,0.001,0,0,0,0,0.003,0,0,0,0,0,0,0,0,0,0,0,0,0,0,0.786,0,0,0,0,0,0,0,0,0,0,0,0,0.001,0,0,0,0,0,0,0,0,0,0.001,0,0,0,0,0,0,0,0,0,0.19,0,0,0,0,0,0,0,0.002,0,0,0,0.001,2609744,1318712,1291032,0.99,0.99,0.99,Y,High,
PH036900000,Tarlac,Central Luzon (Region III),PH030000000,Philippines (the),PH,8,Kapampangan,0.406,0,0,0,0,0,0,0,0,0,0,0.004,0,0,0,0,0,0,0.001,0,0,0.002,0,0,0,0,0,0,0,0,0,0,0,0,0,0,0,0,0,0,0,0,0,0,0.397,0,0,0,0,0,0,0,0,0,0,0,0,0,0,0.406,0,0,0,0,0,0,0,0,0,0,0,0,0,0,0,0,0,0,0,0,0,0,0.003,0,0,0,0,0,0,0,0,0,0.184,0,0,0,0,0,0,0,0,0,0,0.002,0.001,1366027,694148,671879,0.987,0.987,0.988,Y,High,
PH037100000,Zambales,Central Luzon (Region III),PH030000000,Philippines (the),PH,14,Tagalog,0.674,0,0,0,0,0,0,0,0,0,0,0.001,0,0,0,0,0,0,0.001,0,0,0.008,0,0,0,0,0,0,0.002,0,0,0,0,0,0.002,0,0,0,0,0.001,0,0,0,0,0.149,0,0,0,0,0,0,0,0,0,0,0,0,0,0,0.004,0,0,0,0,0,0,0,0,0,0,0,0,0.001,0,0,0,0,0,0,0.001,0,0,0.001,0,0,0,0,0,0,0,0,0,0.674,0,0,0,0,0,0,0,0.001,0,0,0.15,0.002,823888,418672,405216,0.985,0.985,0.986,Y,High,
PH037700000,Aurora,Central Luzon (Region III),PH030000000,Philippines (the),PH,12,Tagalog,0.707,0,0.001,0.001,0,0,0,0,0,0,0,0,0,0,0,0,0,0,0.008,0,0,0.002,0,0,0.001,0,0,0,0.001,0,0,0,0,0.004,0,0,0,0,0,0,0.003,0,0,0,0.261,0,0,0,0,0,0,0,0,0,0,0,0,0,0.005,0,0,0,0,0,0,0,0,0,0,0,0,0,0.001,0,0,0,0,0,0,0,0,0,0,0,0,0,0,0,0,0,0,0,0.707,0,0,0,0,0,0,0,0,0,0,0,0.003,214336,109974,104362,0.986,0.986,0.987,Y,High,
PH041000000,Batangas,Calabarzon (Region IV-A),PH040000000,Philippines (the),PH,3,Tagalog,0.994,0,0,0,0,0,0,0,0,0,0,0,0,0,0,0,0,0,0.001,0,0,0.002,0,0,0,0,0,0,0,0,0,0,0,0,0,0,0,0,0,0,0,0,0,0,0,0,0,0,0,0,0,0,0,0,0,0,0,0,0,0,0,0,0,0,0,0,0,0,0,0,0,0,0,0,0,0,0,0,0,0,0,0,0,0,0,0,0,0,0,0,0,0,0.994,0,0,0,0,0,0,0,0,0,0,0,0.001,2694335,1355187,1339148,0.986,0.986,0.986,Y,High,
PH042100000,Cavite,Calabarzon (Region IV-A),PH040000000,Philippines (the),PH,10,Tagalog,0.972,0,0,0,0,0,0,0,0,0,0,0,0,0,0,0,0,0,0.003,0,0,0.008,0,0,0,0,0,0,0.001,0.004,0,0,0,0,0.001,0,0,0,0,0.002,0,0,0,0,0.002,0,0,0,0,0,0,0,0,0,0,0,0,0,0,0,0,0,0,0,0,0,0,0,0,0,0,0,0.002,0,0,0,0,0,0,0,0,0,0,0,0,0,0,0,0,0,0,0,0.972,0,0,0,0,0,0,0,0.002,0,0,0,0.001,3678301,1828655,1849646,0.993,0.993,0.993,Y,High,
PH043400000,Laguna,Calabarzon (Region IV-A),PH040000000,Philippines (the),PH,8,Tagalog,0.985,0,0,0,0,0,0,0,0,0,0,0,0,0,0,0,0,0,0.005,0,0,0.004,0,0,0,0,0,0,0.001,0,0,0,0,0,0,0,0,0,0,0.001,0,0,0,0,0.001,0,0,0,0,0,0,0,0,0,0,0,0,0,0,0,0,0,0,0,0,0,0,0,0,0,0,0,0.001,0,0,0,0,0,0,0,0,0,0,0,0,0,0,0,0,0,0,0,0.985,0,0,0,0,0,0,0,0.001,0,0,0,0,3035081,1514462,1520619,0.993,0.993,0.994,Y,High,
PH045600000,Quezon,Calabarzon (Region IV-A),PH040000000,Philippines (the),PH,6,Tagalog,0.965,0,0,0,0,0,0,0,0,0,0,0,0,0,0,0,0,0,0.006,0,0,0.022,0,0,0,0,0,0,0.004,0,0,0,0,0.001,0,0,0,0,0,0,0,0,0,0,0,0,0,0,0,0,0,0,0,0,0,0,0,0,0,0,0,0,0,0,0,0,0,0,0,0,0,0,0,0,0.001,0,0,0,0,0,0,0,0,0,0,0,0,0,0,0,0,0,0.965,0,0,0,0,0,0,0,0,0,0,0,0,2122830,1079121,1043709,0.988,0.987,0.988,Y,High,
PH045800000,Rizal,Calabarzon (Region IV-A),PH040000000,Philippines (the),PH,10,Tagalog,0.973,0,0,0,0,0,0,0,0,0,0,0,0,0,0,0,0,0,0.005,0,0,0.009,0,0,0,0,0,0,0.001,0,0,0,0,0,0.001,0,0,0,0,0.002,0,0,0,0,0.003,0,0,0,0,0,0,0,0,0,0,0,0,0,0,0,0,0,0,0,0,0,0,0,0,0,0,0,0.001,0,0,0,0,0,0,0,0,0,0.001,0,0,0,0,0,0,0,0,0,0.973,0,0,0,0,0,0,0,0.002,0,0,0,0,2884227,1444063,1440164,0.983,0.983,0.983,Y,High,
PH050500000,Albay,Bicol Region (Region V),PH050000000,Philippines (the),PH,3,Bikol,0.98,0,0,0,0,0,0,0,0,0,0,0,0,0,0,0,0,0,0.98,0,0,0.001,0,0,0,0,0,0,0,0,0,0,0,0,0,0,0,0,0,0,0,0,0,0,0,0,0,0,0,0,0,0,0,0,0,0,0,0,0,0,0,0,0,0,0,0,0,0,0,0,0,0,0,0,0,0,0,0,0,0,0,0,0,0,0,0,0,0,0,0,0,0,0.018,0,0,0,0,0,0,0,0,0,0,0,0,1314826,665143,649683,0.988,0.988,0.989,Y,High,
PH051600000,Camarines Norte,Bicol Region (Region V),PH050000000,Philippines (the),PH,3,Tagalog,0.652,0,0,0,0,0,0,0,0,0,0,0,0,0,0,0,0,0,0.345,0,0,0.001,0,0,0,0,0,0,0,0,0,0,0,0,0,0,0,0,0,0,0,0,0,0,0,0,0,0,0,0,0,0,0,0,0,0,0,0,0,0,0,0,0,0,0,0,0,0,0,0,0,0,0,0,0,0,0,0,0,0,0,0,0,0,0,0,0,0,0,0,0,0,0.652,0,0,0,0,0,0,0,0,0,0,0,0.002,583313,297553,285760,0.982,0.982,0.983,Y,High,
PH051700000,Camarines Sur,Bicol Region (Region V),PH050000000,Philippines (the),PH,2,Bikol,0.948,0,0,0,0,0,0,0,0,0,0,0,0,0,0,0,0,0,0.948,0,0,0,0,0,0,0,0,0,0,0,0,0,0,0,0,0,0,0,0,0,0,0,0,0,0,0,0,0,0,0,0,0,0,0,0,0,0,0,0,0,0,0,0,0,0,0,0,0,0,0,0,0,0,0,0,0,0,0,0,0,0,0,0,0,0,0,0,0,0,0,0,0,0.05,0,0,0,0,0,0,0,0,0,0,0,0.001,1952544,995058,957486,0.986,0.986,0.987,Y,High,
PH052000000,Catanduanes,Bicol Region (Region V),PH050000000,Philippines (the),PH,2,Bikol,0.99,0,0,0,0,0,0,0,0,0,0,0,0,0,0,0,0,0,0.99,0,0,0,0,0,0,0,0,0,0,0,0,0,0,0,0,0,0,0,0,0,0,0,0,0,0,0,0,0,0,0,0,0,0,0,0,0,0,0,0,0,0,0,0,0,0,0,0,0,0,0,0,0,0,0,0,0,0,0,0,0,0,0,0,0,0,0,0,0,0,0,0,0,0.009,0,0,0,0,0,0,0,0,0,0,0,0,260964,133732,127232,0.989,0.988,0.99,Y,High,
PH054100000,Masbate,Bicol Region (Region V),PH050000000,Philippines (the),PH,6,Masbateño/Masbatenon,0.623,0,0,0,0,0,0,0,0,0,0,0,0,0,0,0,0,0,0.023,0,0,0.053,0,0,0,0,0,0,0.268,0,0,0,0,0,0,0,0,0,0,0.028,0,0,0,0,0,0,0,0,0,0,0,0,0,0,0,0,0,0,0,0,0,0,0,0,0,0,0,0,0,0,0,0,0,0,0.623,0,0,0,0,0,0,0,0,0,0,0,0,0,0,0,0,0,0.003,0,0,0,0,0,0,0,0,0,0,0,0,892393,455140,437253,0.965,0.961,0.968,Y,High,
PH056200000,Sorsogon,Bicol Region (Region V),PH050000000,Philippines (the),PH,4,Bikol,0.989,0,0,0,0,0,0,0,0,0,0,0,0,0,0,0,0,0,0.989,0,0,0.001,0,0,0,0,0,0,0,0,0,0,0,0,0,0,0,0,0,0,0,0,0,0,0,0,0,0,0,0,0,0,0,0,0,0,0,0,0,0,0,0,0,0,0,0,0,0,0,0,0,0,0.001,0,0,0,0,0,0,0,0,0,0,0,0,0,0,0,0,0,0,0,0.009,0,0,0,0,0,0,0,0,0,0,0,0,792949,404509,388440,0.986,0.986,0.987,Y,High,
PH060400000,Aklan,Western Visayas (Region VI),PH060000000,Philippines (the),PH,11,Akeanon,0.956,0,0,0,0,0,0.956,0,0,0,0,0,0,0,0,0,0,0,0,0,0.003,0.005,0,0,0,0,0,0.001,0.001,0,0,0,0,0,0.001,0,0,0,0,0.008,0,0,0,0,0,0,0,0,0,0,0,0,0,0,0,0,0,0,0,0,0,0.005,0,0,0,0,0,0,0,0,0,0,0.002,0,0,0,0,0,0,0,0,0,0,0,0.002,0,0,0,0,0,0,0,0.014,0,0,0,0,0,0,0,0,0,0,0,0,574823,292791,282032,0.977,0.975,0.98,Y,High,
PH060600000,Antique,Western Visayas (Region VI),PH060000000,Philippines (the),PH,8,Karay-a,0.929,0,0,0,0,0,0.005,0,0,0,0,0,0,0,0,0,0,0,0,0,0,0.001,0,0,0,0,0,0,0.01,0,0.038,0,0,0,0,0,0,0,0,0.005,0,0,0,0,0,0,0,0,0,0,0,0,0,0,0,0,0,0,0,0,0,0.929,0,0,0,0,0,0,0,0,0,0,0.001,0,0,0,0,0,0,0,0,0,0,0,0,0,0,0,0,0,0,0,0.009,0,0,0,0,0,0,0,0,0,0,0,0,582012,297838,284174,0.968,0.965,0.972,Y,High,
PH061900000,Capiz,Western Visayas (Region VI),PH060000000,Philippines (the),PH,6,Capizeño,0.961,0,0,0,0,0,0.001,0,0,0,0,0,0,0,0,0,0,0,0,0,0,0.002,0,0,0,0,0,0.961,0,0,0,0,0,0,0,0,0,0,0,0.029,0,0,0,0,0,0,0,0,0,0,0,0,0,0,0,0,0,0,0,0,0,0.003,0,0,0,0,0,0,0,0,0,0,0,0,0,0,0,0,0,0,0,0,0,0,0,0,0,0,0,0,0,0,0.002,0,0,0,0,0,0,0,0,0,0,0,0,761384,386535,374849,0.976,0.974,0.978,Y,High,
PH063000000,Iloilo,Western Visayas (Region VI),PH060000000,Philippines (the),PH,5,Hiligaynon Ilonggo,0.788,0,0,0,0,0,0,0,0,0,0,0,0,0,0,0,0,0,0,0,0,0.002,0,0,0,0,0,0,0.002,0,0,0,0,0,0,0,0,0,0,0.788,0,0,0,0,0,0,0,0,0,0,0,0,0,0,0,0,0,0,0,0,0,0.204,0,0,0,0,0,0,0,0,0,0,0,0,0,0,0,0,0,0,0,0,0,0,0,0,0,0,0,0,0,0,0.002,0,0,0,0,0,0,0,0,0,0,0,0.001,2384415,1204864,1179551,0.975,0.974,0.977,Y,High,
PH067900000,Guimaras,Western Visayas (Region VI),PH060000000,Philippines (the),PH,4,Hiligaynon Ilonggo,0.926,0,0,0,0,0,0,0,0,0,0,0,0,0,0,0,0,0,0,0,0,0,0,0,0,0,0,0,0.001,0,0,0,0,0,0,0,0,0,0,0.926,0,0,0,0,0,0,0,0,0,0,0,0,0,0,0,0,0,0,0,0,0,0.07,0,0,0,0,0,0,0,0,0,0,0,0,0,0,0,0,0,0,0,0,0,0,0,0,0,0,0,0,0,0,0.001,0,0,0,0,0,0,0,0,0,0,0,0,174613,89644,84969,0.978,0.977,0.979,Y,High,
PH071200000,Bohol,Central Visayas (Region VII),PH070000000,Philippines (the),PH,4,Cebuano,0.73,0,0,0,0,0,0,0,0,0,0,0,0,0,0,0,0,0,0,0,0,0.264,0,0,0,0,0,0,0.73,0,0,0,0,0,0.001,0,0,0,0,0,0,0,0,0,0,0,0,0,0,0,0,0,0,0,0,0,0,0,0,0,0,0,0,0,0,0,0,0,0,0,0,0,0,0,0,0,0,0,0,0,0,0,0,0,0,0,0,0,0,0,0,0,0.002,0,0,0,0,0,0,0,0,0,0,0,0,1313560,667430,646130,0.978,0.976,0.98,Y,High,
PH072200000,Cebu,Central Visayas (Region VII),PH070000000,Philippines (the),PH,5,Cebuano,0.876,0,0,0,0,0,0,0,0,0,0,0,0,0,0,0,0,0,0,0,0,0.117,0,0,0,0,0,0,0.876,0,0,0,0,0,0.001,0,0,0,0,0.001,0,0,0,0,0,0,0,0,0,0,0,0,0,0,0,0,0,0,0,0,0,0,0,0,0,0,0,0,0,0,0,0,0,0,0,0,0,0,0,0,0,0,0,0,0,0,0,0,0,0,0,0,0.002,0,0,0,0,0,0,0,0,0,0,0,0.001,4632359,2337313,2295046,0.983,0.983,0.983,Y,High,
PH076100000,Siquijor,Central Visayas (Region VII),PH070000000,Philippines (the),PH,5,Bisaya/Binisaya,0.939,0,0,0,0,0,0,0,0,0,0,0,0,0,0,0,0,0,0,0,0,0.939,0,0,0,0,0,0,0.053,0,0,0,0,0,0.004,0,0,0,0,0.001,0,0,0,0,0,0,0,0,0,0,0,0,0,0,0,0,0,0,0,0,0,0,0,0,0,0,0,0,0,0,0,0,0,0,0,0,0,0,0,0,0,0,0,0,0,0,0,0,0,0,0,0,0.002,0,0,0,0,0,0,0,0,0,0,0,0,95984,48717,47267,0.981,0.982,0.981,Y,High,
PH082600000,Eastern Samar,Eastern Visayas (Region VIII),PH080000000,Philippines (the),PH,4,Waray,0.99,0,0,0,0,0,0,0,0,0,0,0,0,0,0,0,0,0,0,0,0,0.001,0,0,0,0,0,0,0.004,0,0,0,0,0,0,0,0,0,0,0,0,0,0,0,0,0,0,0,0,0,0,0,0,0,0,0,0,0,0,0,0,0,0,0,0,0,0,0,0,0,0,0,0,0,0,0,0,0,0,0,0,0,0,0,0,0,0,0,0,0,0,0,0.003,0,0,0,0,0,0,0,0.99,0,0,0,0,467160,242551,224609,0.969,0.962,0.977,Y,High,
PH083700000,Leyte,Eastern Visayas (Region VIII),PH080000000,Philippines (the),PH,5,Waray,0.489,0,0,0,0,0,0,0,0,0,0,0,0,0,0,0,0,0,0,0,0,0.446,0,0,0,0,0,0,0.059,0,0,0,0,0,0.001,0,0,0,0,0,0,0,0,0,0,0,0,0,0,0,0,0,0,0,0,0,0,0,0,0,0,0,0,0,0,0,0,0,0,0,0,0,0,0,0,0,0,0,0,0,0,0,0,0,0,0,0,0,0,0,0,0,0.004,0,0,0,0,0,0,0,0.489,0,0,0,0.001,1966768,1011570,955198,0.971,0.966,0.977,Y,High,
PH084800000,Northern Samar,Eastern Visayas (Region VIII),PH080000000,Philippines (the),PH,4,Waray,0.933,0,0,0,0,0,0,0,0,0,0,0,0,0,0,0,0,0,0,0,0,0.016,0,0,0,0,0,0,0.026,0,0,0,0,0,0,0,0,0,0,0,0,0,0,0,0,0,0,0,0,0,0,0,0,0,0,0,0,0,0,0,0,0,0,0,0,0,0,0,0,0,0,0,0,0,0,0,0,0,0,0,0,0,0,0,0,0,0,0,0,0,0,0,0.003,0,0,0,0,0,0,0,0.933,0,0,0,0.021,632379,324977,307402,0.955,0.946,0.964,Y,High,
PH086000000,Samar,Eastern Visayas (Region VIII),PH080000000,Philippines (the),PH,4,Waray,0.93,0,0,0,0,0,0,0,0,0,0,0,0,0,0,0,0,0,0,0,0,0.037,0,0,0,0,0,0,0.029,0,0,0,0,0,0,0,0,0,0,0,0,0,0,0,0,0,0,0,0,0,0,0,0,0,0,0,0,0,0,0,0,0,0,0,0,0,0,0,0,0,0,0,0,0,0,0,0,0,0,0,0,0,0,0,0,0,0,0,0,0,0,0,0.004,0,0,0,0,0,0,0,0.93,0,0,0,0,780481,403463,377018,0.941,0.927,0.956,Y,High,
PH086400000,Southern Leyte,Eastern Visayas (Region VIII),PH080000000,Philippines (the),PH,4,Bisaya/Binisaya,0.975,0,0,0,0,0,0,0,0,0,0,0,0,0,0,0,0,0,0,0,0,0.975,0,0,0,0,0,0,0.022,0,0,0,0,0,0,0,0,0,0,0,0,0,0,0,0,0,0,0,0,0,0,0,0,0,0,0,0,0,0,0,0,0,0,0,0,0,0,0,0,0,0,0,0,0,0,0,0,0,0,0,0,0,0,0,0,0,0,0,0,0,0,0,0.002,0,0,0,0,0,0,0,0.001,0,0,0,0,421750,215172,206578,0.983,0.98,0.986,Y,High,
PH087800000,Biliran,Eastern Visayas (Region VIII),PH080000000,Philippines (the),PH,6,Bisaya/Binisaya,0.57,0,0,0,0,0,0,0,0,0,0,0,0,0,0,0,0,0,0,0,0,0.57,0,0,0,0,0,0,0.044,0,0,0,0,0,0.001,0,0,0,0,0,0,0,0,0,0,0,0,0,0,0,0,0,0,0,0,0,0,0,0,0,0,0,0,0,0,0,0,0,0,0,0,0,0.001,0,0,0,0,0,0,0,0,0,0,0,0,0,0,0,0,0,0,0,0.005,0,0,0,0,0,0,0,0.38,0,0,0,0,171612,87622,83990,0.964,0.957,0.97,Y,High,
PH097200000,Zamboanga del Norte,Zamboanga Peninsula (Region IX),PH090000000,Philippines (the),PH,14,Bisaya/Binisaya,0.77,0,0,0,0,0,0,0,0,0,0,0,0,0,0,0,0,0,0,0,0,0.77,0,0,0,0,0,0,0.063,0.005,0,0,0,0,0.001,0,0,0,0,0.003,0,0,0,0,0,0.001,0,0,0,0,0,0,0,0,0,0.023,0,0,0,0,0,0,0,0,0,0.003,0,0,0,0,0,0,0.001,0,0,0,0,0,0,0.01,0,0,0,0,0,0.003,0,0,0.102,0,0,0,0.001,0,0,0,0.013,0,0,0,0,0,0,0,0.001,1011393,519579,491814,0.941,0.94,0.942,Y,High,
PH097300000,Zamboanga del Sur,Zamboanga Peninsula (Region IX),PH090000000,Philippines (the),PH,14,Bisaya/Binisaya,0.421,0,0,0,0,0,0,0,0,0,0,0,0,0,0,0,0,0,0,0,0,0.421,0,0,0,0,0,0,0.135,0.202,0,0,0,0,0,0,0,0,0,0.01,0,0,0,0,0.003,0.003,0,0,0,0,0,0,0,0,0,0,0,0,0,0,0,0,0,0,0,0.018,0,0,0,0,0,0,0.001,0,0,0,0,0,0,0.018,0,0,0,0,0,0.013,0,0,0.049,0,0,0,0.019,0,0,0,0.088,0,0,0,0,0.015,0,0,0.003,1872473,949415,923058,0.948,0.948,0.947,Y,High,
PH098300000,Zamboanga Sibugay,Zamboanga Peninsula (Region IX),PH090000000,Philippines (the),PH,15,Bisaya/Binisaya,0.596,0,0,0,0,0,0,0,0,0,0,0,0,0,0,0,0,0,0,0,0,0.596,0,0,0,0,0,0,0.112,0.023,0,0,0,0,0,0,0,0,0,0.083,0,0,0,0,0.004,0.001,0,0,0,0,0,0,0,0,0,0.013,0,0,0,0,0,0,0,0,0,0.016,0,0,0,0,0,0,0.001,0,0,0,0,0,0,0.009,0,0,0,0,0,0.01,0,0,0.052,0,0,0,0.002,0,0,0,0.073,0,0,0,0,0.001,0,0,0.001,633129,326285,306844,0.953,0.955,0.952,Y,High,
PH099700000,City of Isabela,Zamboanga Peninsula (Region IX),PH090000000,Philippines (the),PH,13,Tausug,0.303,0,0,0,0,0,0,0,0,0,0,0,0,0,0,0,0,0,0,0,0,0.145,0,0,0,0,0,0,0.004,0.288,0,0,0,0,0,0,0,0,0,0.004,0,0,0,0.001,0,0.002,0,0,0,0,0,0,0,0,0,0,0,0,0,0,0,0,0,0,0,0,0,0,0,0,0,0,0.002,0,0,0,0,0,0,0.025,0,0,0,0,0,0.054,0.001,0,0,0,0,0,0.009,0,0,0,0.303,0,0,0,0,0.12,0,0,0.04,112788,55599,57189,0.898,0.904,0.893,Y,High,
PH101300000,Bukidnon,Northern Mindanao (Region X),PH100000000,Philippines (the),PH,14,Bisaya/Binisaya,0.484,0,0,0,0,0,0,0,0,0,0,0,0,0,0,0,0,0,0,0,0.034,0.484,0,0,0,0,0,0,0.322,0,0,0,0,0,0,0,0,0,0.028,0.065,0,0,0,0,0.011,0,0,0,0,0,0.002,0,0,0,0,0,0,0,0,0,0,0.003,0,0,0,0.003,0,0,0,0.019,0,0,0.004,0,0,0.012,0,0,0,0,0,0,0,0,0,0,0,0,0,0,0,0,0.002,0,0,0,0,0,0,0,0.001,0,0,0,0.007,1415226,736548,678678,0.953,0.949,0.958,Y,High,
PH101800000,Camiguin,Northern Mindanao (Region X),PH100000000,Philippines (the),PH,6,Bisaya/Binisaya,0.767,0,0,0,0,0,0,0,0,0,0,0,0,0,0,0,0,0,0,0,0,0.767,0,0,0,0,0,0,0.222,0.001,0,0,0,0,0.002,0,0,0,0,0,0,0,0,0,0,0,0,0,0,0,0,0,0,0,0,0,0,0.003,0,0,0,0,0,0,0,0,0,0,0,0,0,0,0,0,0,0,0,0,0,0,0,0,0,0,0,0,0,0,0,0,0,0,0.002,0,0,0,0,0,0,0,0,0,0,0,0.001,88478,45050,43428,0.994,0.991,0.996,Y,High,
PH103500000,Lanao del Norte,Northern Mindanao (Region X),PH100000000,Philippines (the),PH,7,Bisaya/Binisaya,0.526,0,0,0,0,0,0,0,0,0,0,0,0,0,0,0,0,0,0,0,0,0.526,0,0,0,0,0,0,0.204,0,0,0,0,0,0,0,0,0,0.003,0.002,0,0,0,0,0,0.001,0,0,0,0,0,0,0,0,0,0,0,0,0,0,0,0,0,0,0,0,0,0,0,0,0,0,0.259,0,0,0,0,0,0,0,0,0,0,0,0,0,0,0,0,0,0,0,0.002,0,0,0,0,0,0,0,0,0,0,0,0.001,1019013,511318,507695,0.95,0.948,0.953,Y,High,
PH104200000,Misamis Occidental,Northern Mindanao (Region X),PH100000000,Philippines (the),PH,5,Bisaya/Binisaya,0.846,0,0,0,0,0,0,0,0,0,0,0,0,0,0,0,0,0,0,0,0,0.846,0,0,0,0,0,0,0.141,0,0,0,0,0,0,0,0,0,0,0,0,0,0,0,0,0,0,0,0,0,0,0,0,0,0,0,0,0,0,0,0,0,0,0,0,0,0,0,0,0,0,0,0.001,0,0,0,0,0,0,0,0,0,0,0,0,0,0,0,0.008,0,0,0,0.001,0,0,0,0,0,0,0,0,0,0,0,0.001,602126,305083,297043,0.938,0.926,0.951,Y,High,
PH104300000,Misamis Oriental,Northern Mindanao (Region X),PH100000000,Philippines (the),PH,7,Bisaya/Binisaya,0.899,0,0,0,0,0,0,0,0,0,0,0,0,0,0,0,0,0,0,0,0,0.899,0,0,0,0,0,0,0.079,0,0,0,0,0,0.001,0,0,0,0.005,0.001,0,0,0,0,0,0,0,0,0,0,0,0,0,0,0,0,0,0,0,0,0,0,0,0,0,0,0,0,0,0,0,0,0.005,0,0,0,0,0,0,0,0,0,0,0,0,0,0,0,0,0,0,0,0.006,0,0,0,0,0,0,0,0,0,0,0,0.001,1564459,798001,766458,0.986,0.984,0.988,Y,High,
PH112300000,Davao del Norte,Davao Region (Region XI),PH110000000,Philippines (the),PH,18,Bisaya/Binisaya,0.742,0,0,0,0,0,0,0,0.003,0.023,0,0,0,0,0,0,0,0,0,0,0,0.742,0,0,0,0,0,0,0.149,0.001,0,0.003,0.005,0,0,0,0,0,0,0.03,0,0,0,0,0.007,0,0,0,0,0,0,0,0,0.008,0,0,0,0,0,0,0,0.001,0,0,0,0.001,0,0,0.002,0,0,0,0.002,0,0,0,0,0,0,0.005,0,0,0,0,0,0,0,0,0,0,0,0,0.006,0,0,0,0.002,0,0,0,0.001,0,0,0,0.003,1016332,523719,492613,0.971,0.97,0.972,Y,High,
PH112400000,Davao del Sur,Davao Region (Region XI),PH110000000,Philippines (the),PH,22,Bisaya/Binisaya,0.679,0,0,0,0,0,0,0,0.003,0,0,0,0.004,0,0,0,0,0,0,0,0,0.679,0.03,0,0,0,0,0,0.153,0,0,0.005,0,0,0.001,0,0.001,0,0,0.007,0,0,0,0,0.002,0,0,0,0,0,0,0,0,0.006,0,0,0,0,0,0,0,0,0,0,0,0.001,0,0,0.001,0.025,0,0,0.004,0,0,0.003,0,0,0.002,0.001,0,0,0,0,0,0,0,0.003,0,0,0,0.028,0.025,0,0,0,0.005,0,0,0,0,0,0,0,0.009,2265579,1150027,1115552,0.982,0.982,0.983,Y,Medium,Five provinces from Davao del Sur were seperated to form Davao Occidental province in 2013. Language data based on the 2010 census is therefore identical for each record. Other supporting data from the 2015 census describes new provinces correctly. Data confidence rating reduced.
PH112500000,Davao Oriental,Davao Region (Region XI),PH110000000,Philippines (the),PH,12,Bisaya/Binisaya,0.49,0,0,0,0,0,0,0,0,0,0,0,0,0,0,0,0,0,0,0,0,0.49,0,0,0,0,0,0,0.087,0,0,0.142,0,0,0,0,0,0,0,0.002,0,0,0,0,0.002,0,0,0,0,0,0,0,0,0.033,0,0,0,0,0,0,0,0,0,0,0,0,0,0,0.224,0.007,0,0,0.001,0,0,0,0,0,0,0,0,0,0,0,0,0,0,0,0,0.001,0,0,0.004,0,0,0,0.003,0,0,0,0,0,0,0,0.001,558958,290053,268905,0.96,0.958,0.963,Y,High,
PH118200000,Compostela Valley,Davao Region (Region XI),PH110000000,Philippines (the),PH,15,Bisaya/Binisaya,0.697,0,0,0,0,0,0,0,0,0.001,0,0,0,0,0,0,0,0,0,0,0,0.697,0,0,0,0,0,0,0.196,0,0,0.003,0.009,0,0,0,0,0,0,0.016,0,0,0,0,0.004,0,0,0,0,0,0,0,0,0.008,0,0,0,0,0,0,0,0,0,0,0,0,0,0,0.019,0.001,0,0.034,0.003,0,0,0,0,0,0,0,0,0,0,0,0,0,0,0,0,0,0,0,0.003,0,0,0,0.003,0,0,0,0.001,0,0,0,0.002,736107,386314,349793,0.977,0.975,0.979,Y,High,
PH118600000,Davao Occidental,Davao Region (Region XI),PH110000000,Philippines (the),PH,22,Bisaya/Binisaya,0.679,0,0,0,0,0,0,0,0.003,0,0,0,0.004,0,0,0,0,0,0,0,0,0.679,0.03,0,0,0,0,0,0.153,0,0,0.005,0,0,0.001,0,0.001,0,0,0.007,0,0,0,0,0.002,0,0,0,0,0,0,0,0,0.006,0,0,0,0,0,0,0,0,0,0,0,0.001,0,0,0.001,0.025,0,0,0.004,0,0,0.003,0,0,0.002,0.001,0,0,0,0,0,0,0,0.003,0,0,0,0.028,0.025,0,0,0,0.005,0,0,0,0,0,0,0,0.009,316342,164131,152211,0.834,0.829,0.839,Y,Medium,Five provinces from Davao del Sur were seperated to form Davao Occidental province in 2013. Language data based on the 2010 census is therefore identical for each record. Other supporting data from the 2015 census describes new provinces correctly. Data confidence rating reduced.
PH124700000,Cotabato,Soccsksargen (Region XII),PH120000000,Philippines (the),PH,18,Hiligaynon Ilonggo,0.321,0,0,0,0,0,0,0,0,0,0,0,0.003,0,0,0,0,0,0,0,0,0.091,0.004,0,0,0,0,0.001,0.213,0,0,0,0,0,0,0,0,0,0,0.321,0,0,0,0.005,0.048,0.014,0,0,0,0,0,0,0,0,0,0,0,0,0,0,0,0.02,0.002,0,0,0.22,0,0,0,0.023,0,0,0.003,0,0,0.001,0,0,0,0,0,0,0,0,0,0,0,0,0,0,0,0.001,0.019,0,0,0,0,0,0.001,0,0,0,0,0,0.009,1379747,707703,672044,0.946,0.948,0.943,Y,High,
PH126300000,South Cotabato,Soccsksargen (Region XII),PH120000000,Philippines (the),PH,21,Hiligaynon Ilonggo,0.388,0,0,0,0,0,0.003,0,0,0,0,0,0,0,0,0,0,0,0.002,0,0,0.097,0.04,0,0,0,0,0,0.276,0.001,0,0,0,0,0,0,0,0,0,0.388,0,0,0,0,0.025,0,0,0,0,0,0,0,0,0,0,0,0,0,0,0.001,0,0.005,0,0,0,0.034,0,0,0,0.001,0.001,0,0.004,0,0,0,0,0,0.002,0,0,0,0,0,0,0,0,0.001,0,0,0,0.001,0.04,0,0,0,0.002,0.07,0,0,0.001,0,0,0,0.003,1509735,768527,741208,0.96,0.961,0.959,Y,High,
PH126500000,Sultan Kudarat,Soccsksargen (Region XII),PH120000000,Philippines (the),PH,20,Hiligaynon Ilonggo,0.415,0,0,0,0,0,0.001,0,0,0,0,0,0,0,0,0,0,0,0,0,0.002,0.005,0.011,0,0,0,0,0,0.069,0.002,0,0,0,0,0,0,0,0,0,0.415,0,0,0,0,0.128,0,0,0,0,0,0,0,0,0.001,0,0,0,0,0,0.001,0,0.007,0,0,0,0.241,0,0,0,0.036,0.03,0,0.002,0,0,0,0,0,0,0.001,0,0,0,0,0,0,0,0,0,0,0,0,0.019,0,0,0,0.003,0.003,0.015,0,0,0,0,0,0.006,812095,417397,394698,0.921,0.923,0.919,Y,High,
PH128000000,Sarangani,Soccsksargen (Region XII),PH120000000,Philippines (the),PH,20,Cebuano,0.306,0,0,0,0,0,0.004,0,0,0,0,0,0,0,0,0,0,0,0,0,0,0.183,0.219,0,0,0,0,0,0.306,0,0,0,0,0,0,0,0,0,0,0.054,0,0,0,0,0.036,0.001,0,0,0,0,0,0,0,0.003,0,0,0,0,0,0,0,0.001,0,0,0,0.064,0,0,0,0.008,0,0,0.001,0,0,0,0,0,0,0.005,0,0,0,0,0,0.001,0,0.008,0,0,0,0.037,0.009,0,0,0,0.005,0.05,0,0,0.001,0,0,0,0.003,544261,282583,261678,0.901,0.899,0.902,Y,High,
PH129800000,Cotabato City,Soccsksargen (Region XII),PH120000000,Philippines (the),PH,13,Maguindanao,0.565,0,0,0,0,0,0,0,0,0,0,0,0,0,0,0,0,0,0.001,0,0,0.055,0,0,0,0,0,0,0.052,0.007,0,0,0,0,0,0,0,0,0,0.032,0,0,0,0,0.003,0.116,0,0,0,0,0,0,0,0,0,0,0,0,0,0.001,0,0,0,0,0,0.565,0,0,0,0,0,0,0.022,0,0,0,0,0,0,0,0,0,0,0,0,0,0,0,0,0,0,0,0.129,0,0,0,0.005,0,0.005,0,0,0,0,0,0.005,299438,146934,152504,0.931,0.935,0.928,Y,High,
PH133900000,"NCR, City of Manila, First District",National Capital Region (NCR),PH130000000,Philippines (the),PH,13,Tagalog,0.951,0,0,0,0,0,0,0,0,0,0,0,0,0,0,0,0,0,0.005,0,0,0.013,0,0,0,0,0,0,0.003,0,0,0,0,0,0.002,0,0,0,0,0.004,0,0,0,0,0.006,0,0,0,0,0,0,0,0,0,0,0,0,0,0,0.001,0,0,0,0,0,0.001,0,0,0,0,0,0,0.002,0,0,0,0,0,0,0,0,0,0.001,0,0,0,0,0,0,0,0,0,0.951,0,0,0,0.001,0,0,0,0.004,0,0,0,0.003,1780148,876687,903461,0.988,0.988,0.987,Y,Medium,The 2010 census treats the National Capital Region as a single province. Language data based on the 2010 census is therefore identical for each record. Other supporting data from the 2015 census describes new provinces correctly. Data confidence rating decreased.
PH137400000,"NCR, Second District",National Capital Region (NCR),PH130000000,Philippines (the),PH,13,Tagalog,0.951,0,0,0,0,0,0,0,0,0,0,0,0,0,0,0,0,0,0.005,0,0,0.013,0,0,0,0,0,0,0.003,0,0,0,0,0,0.002,0,0,0,0,0.004,0,0,0,0,0.006,0,0,0,0,0,0,0,0,0,0,0,0,0,0,0.001,0,0,0,0,0,0.001,0,0,0,0,0,0,0.002,0,0,0,0,0,0,0,0,0,0.001,0,0,0,0,0,0,0,0,0,0.951,0,0,0,0.001,0,0,0,0.004,0,0,0,0.003,4650613,2284403,2366210,0.996,0.996,0.997,Y,Medium,The 2010 census treats the National Capital Region as a single province. Language data based on the 2010 census is therefore identical for each record. Other supporting data from the 2015 census describes new provinces correctly. Data confidence rating decreased.
PH137500000,"NCR, Third District",National Capital Region (NCR),PH130000000,Philippines (the),PH,13,Tagalog,0.951,0,0,0,0,0,0,0,0,0,0,0,0,0,0,0,0,0,0.005,0,0,0.013,0,0,0,0,0,0,0.003,0,0,0,0,0,0.002,0,0,0,0,0.004,0,0,0,0,0.006,0,0,0,0,0,0,0,0,0,0,0,0,0,0,0.001,0,0,0,0,0,0.001,0,0,0,0,0,0,0.002,0,0,0,0,0,0,0,0,0,0.001,0,0,0,0,0,0,0,0,0,0.951,0,0,0,0.001,0,0,0,0.004,0,0,0,0.003,2819388,1417163,1402225,0.986,0.985,0.986,Y,Medium,The 2010 census treats the National Capital Region as a single province. Language data based on the 2010 census is therefore identical for each record. Other supporting data from the 2015 census describes new provinces correctly. Data confidence rating decreased.
PH137600000,"NCR, Fourth District",National Capital Region (NCR),PH130000000,Philippines (the),PH,13,Tagalog,0.951,0,0,0,0,0,0,0,0,0,0,0,0,0,0,0,0,0,0.005,0,0,0.013,0,0,0,0,0,0,0.003,0,0,0,0,0,0.002,0,0,0,0,0.004,0,0,0,0,0.006,0,0,0,0,0,0,0,0,0,0,0,0,0,0,0.001,0,0,0,0,0,0.001,0,0,0,0,0,0,0.002,0,0,0,0,0,0,0,0,0,0.001,0,0,0,0,0,0,0,0,0,0.951,0,0,0,0.001,0,0,0,0.004,0,0,0,0.003,3627104,1790112,1836992,0.992,0.992,0.992,Y,Medium,The 2010 census treats the National Capital Region as a single province. Language data based on the 2010 census is therefore identical for each record. Other supporting data from the 2015 census describes new provinces correctly. Data confidence rating decreased.
PH140100000,Abra,Cordillera Administrative Region (CAR),PH140000000,Philippines (the),PH,11,Ilocano,0.739,0.031,0,0,0,0,0,0,0,0,0,0,0,0,0,0.002,0,0.002,0,0.019,0,0,0,0,0,0,0,0,0,0,0,0,0,0,0,0,0,0,0,0,0,0,0,0,0.739,0,0,0,0.001,0,0,0,0,0,0,0,0,0,0,0,0,0,0,0.012,0.016,0,0,0,0,0,0,0,0,0.033,0,0,0,0.003,0,0,0,0,0,0,0,0,0,0,0,0,0,0,0.008,0,0,0,0,0,0,0,0,0,0,0,0.133,241160,123199,117961,0.978,0.98,0.977,Y,High,
PH141100000,Benguet,Cordillera Administrative Region (CAR),PH140000000,Philippines (the),PH,15,Ilocano,0.39,0,0,0,0,0,0,0,0,0,0,0,0,0.001,0,0,0,0,0.001,0,0,0.002,0,0.008,0,0,0,0,0,0,0,0,0,0,0.004,0,0,0,0,0,0.126,0,0,0,0.39,0,0,0,0,0,0,0,0,0,0.016,0,0.006,0,0.232,0.002,0.002,0,0,0,0,0,0,0,0,0,0,0,0.002,0,0,0,0,0,0,0,0,0,0.011,0,0,0,0,0,0,0,0,0,0.176,0,0,0,0,0,0,0,0,0,0,0,0.02,791590,399453,392137,0.977,0.979,0.975,Y,High,
PH142700000,Ifugao,Cordillera Administrative Region (CAR),PH140000000,Philippines (the),PH,9,Tuwali,0.349,0,0,0,0,0,0,0,0,0,0.21,0,0,0.003,0,0,0,0,0,0,0,0,0,0,0,0,0,0,0,0,0,0,0,0,0,0.001,0,0,0,0,0.001,0,0,0,0.195,0,0,0,0,0,0,0,0,0,0.097,0,0,0,0.004,0,0,0,0,0,0,0,0,0,0,0,0,0,0,0,0,0,0,0,0,0,0,0,0,0,0,0,0,0,0,0,0,0,0.006,0,0,0,0,0,0,0.349,0,0,0,0,0.131,202802,104806,97996,0.928,0.931,0.925,Y,High,
PH143200000,Kalinga,Cordillera Administrative Region (CAR),PH140000000,Philippines (the),PH,9,Kalinga language group,0.552,0,0,0,0,0,0,0,0,0,0,0,0,0,0.004,0,0,0,0,0,0,0.001,0,0.005,0,0,0,0,0,0,0,0,0,0,0,0,0,0,0,0,0,0.002,0,0,0.407,0,0,0,0,0.005,0,0,0,0,0,0,0.552,0,0.002,0,0,0,0,0,0,0,0,0,0,0,0,0,0,0,0,0,0,0,0,0,0,0,0,0,0,0,0,0,0,0,0,0,0.013,0,0,0,0,0,0,0,0,0,0,0,0.007,212680,110232,102448,0.933,0.937,0.929,Y,High,
PH144400000,Mountain Province,Cordillera Administrative Region (CAR),PH140000000,Philippines (the),PH,12,Kankanaey,0.433,0,0,0,0,0,0,0,0,0,0,0,0,0.063,0.032,0,0,0.002,0,0,0,0,0,0.151,0,0,0,0,0,0,0,0,0,0,0,0.008,0,0,0,0,0.001,0,0,0,0.107,0,0,0,0,0,0,0,0,0,0.002,0,0.012,0,0.433,0,0,0,0,0,0,0,0.008,0,0,0,0,0,0,0,0,0,0,0,0,0,0,0,0,0,0,0,0,0,0,0,0,0,0.002,0,0,0,0,0,0,0,0,0,0,0,0.177,154590,79513,75077,0.938,0.952,0.924,Y,High,
PH148100000,Apayao,Cordillera Administrative Region (CAR),PH140000000,Philippines (the),PH,9,Ilocano,0.579,0,0.003,0,0,0,0,0,0,0,0,0.007,0,0,0,0,0,0,0,0,0,0,0,0,0,0,0,0,0,0,0,0,0,0,0,0,0,0,0,0,0.006,0,0,0,0.579,0,0,0,0.29,0.043,0,0,0,0,0,0,0.024,0,0.022,0,0,0,0,0,0,0,0,0,0,0,0,0,0,0,0,0,0,0,0,0,0,0,0,0,0,0,0,0,0,0,0,0,0.008,0,0,0,0,0,0,0,0,0,0,0,0.018,119184,62137,57047,0.953,0.954,0.952,Y,High,
PH150700000,Basilan,Autonomous Region in Muslim Mindanao (ARMM),PH150000000,Philippines (the),PH,11,Yakan,0.521,0,0,0,0,0,0,0,0,0,0,0,0,0,0,0,0,0,0,0,0.001,0.058,0,0,0,0,0,0,0.01,0.077,0,0,0,0,0,0,0,0,0,0.004,0,0,0,0,0,0,0,0,0,0,0,0,0,0,0,0,0,0,0,0,0,0,0,0,0,0,0,0,0,0,0,0,0,0,0,0,0,0,0,0.036,0,0,0,0,0,0.07,0.001,0,0,0,0,0,0.005,0,0,0,0.211,0,0,0,0,0.521,0,0,0.003,346579,172657,173922,0.801,0.809,0.792,Y,High,
PH153600000,Lanao del Sur,Autonomous Region in Muslim Mindanao (ARMM),PH150000000,Philippines (the),PH,10,Maranao,0.924,0,0,0,0,0,0,0,0,0,0,0,0,0,0,0,0,0,0,0,0,0.019,0,0,0,0,0,0,0.009,0,0,0,0,0,0,0,0,0,0.001,0.027,0,0,0,0,0.007,0.007,0,0,0,0,0,0,0,0,0,0,0,0,0,0,0,0,0,0,0,0.001,0,0,0,0,0,0.001,0.924,0,0,0,0,0,0,0,0,0,0,0,0,0,0,0,0,0,0,0,0.002,0,0,0,0,0,0,0,0,0,0,0,0,1045429,512521,532908,0.86,0.856,0.862,Y,High,
PH153800000,Maguindanao,Autonomous Region in Muslim Mindanao (ARMM),PH150000000,Philippines (the),PH,12,Maguindanao,0.637,0,0,0,0,0,0,0,0,0,0,0,0,0,0,0,0,0,0,0.001,0,0.011,0,0,0,0,0,0,0.021,0,0,0,0,0,0,0,0,0,0,0.037,0,0,0,0,0.007,0.171,0,0,0,0,0,0,0,0,0,0,0,0,0,0,0,0,0,0,0,0.637,0,0,0,0.001,0,0,0.002,0,0,0,0,0,0,0,0,0,0,0,0,0,0,0,0,0,0,0,0.016,0,0,0,0.002,0,0.088,0,0,0,0,0,0.002,1173933,594892,579041,0.81,0.812,0.807,Y,High,
PH156600000,Sulu,Autonomous Region in Muslim Mindanao (ARMM),PH150000000,Philippines (the),PH,6,Tausug,0.906,0,0,0,0,0,0,0,0,0,0,0,0,0,0,0,0,0,0,0,0,0.001,0,0,0,0,0,0,0,0,0,0,0,0,0,0,0,0,0,0,0,0,0,0,0,0,0,0,0,0,0,0,0,0,0,0,0,0,0,0,0,0,0,0,0,0,0,0,0,0,0,0,0,0,0,0,0,0,0,0.073,0,0,0,0,0,0.008,0.001,0,0,0,0,0,0.001,0,0,0,0.906,0,0,0,0,0,0,0,0.01,824731,407870,416861,0.754,0.755,0.754,Y,High,
PH157000000,Tawi-Tawi,Autonomous Region in Muslim Mindanao (ARMM),PH150000000,Philippines (the),PH,9,Unspecified Sama language,0.521,0,0,0,0,0,0,0,0,0,0,0,0,0,0,0,0,0,0,0,0,0.016,0,0,0,0,0,0,0.001,0.001,0,0,0,0,0,0,0,0,0,0,0,0,0,0,0,0,0,0,0,0,0,0,0.057,0,0,0,0,0,0,0,0,0,0,0,0,0,0,0,0,0,0,0,0,0,0,0,0,0,0,0.521,0,0,0,0,0,0.002,0.015,0,0,0,0,0,0.004,0,0,0,0.375,0,0,0,0,0,0,0,0.006,390715,197040,193675,0.746,0.747,0.745,Y,High,
PH160200000,Agusan del Norte,Caraga (Region XIII),PH160000000,Philippines (the),PH,12,Bisaya/Binisaya,0.844,0,0,0,0,0,0,0,0,0,0,0,0,0,0,0,0,0,0,0,0,0.844,0,0,0,0,0,0,0.104,0,0,0,0,0,0.001,0,0,0,0.003,0.002,0,0,0,0,0.001,0,0,0,0,0,0,0,0,0,0,0,0,0,0,0,0,0,0,0,0,0,0,0.003,0,0.012,0,0,0.003,0,0,0,0,0,0,0,0,0,0,0,0,0,0,0,0,0.009,0,0,0.004,0,0,0,0,0,0,0,0.001,0,0,0,0.013,691566,353461,338105,0.984,0.981,0.986,Y,High,
PH160300000,Agusan del Sur,Caraga (Region XIII),PH160000000,Philippines (the),PH,15,Bisaya/Binisaya,0.584,0,0,0,0.007,0,0,0,0,0,0,0,0,0,0,0,0,0,0.001,0,0.001,0.584,0,0,0,0,0,0,0.177,0,0,0,0.001,0,0,0,0,0,0.008,0.063,0,0,0,0,0.008,0,0,0,0,0,0,0,0,0,0,0,0,0,0,0,0,0,0,0,0,0,0,0,0.01,0.128,0,0,0.001,0,0,0,0,0,0,0,0,0,0,0,0,0,0,0,0,0.002,0,0,0.002,0,0,0,0,0,0,0,0.001,0,0,0,0.002,700653,365106,335547,0.966,0.964,0.969,Y,High,
PH166700000,Surigao del Norte,Caraga (Region XIII),PH160000000,Philippines (the),PH,9,Surigaonon,0.557,0,0,0,0,0,0,0,0,0,0,0,0,0,0,0,0,0,0,0,0,0.389,0,0,0,0,0,0,0.032,0,0,0,0,0,0.001,0,0,0,0,0,0,0,0,0,0,0,0,0,0,0,0,0,0,0,0,0,0,0,0,0,0,0,0,0,0,0,0,0.014,0,0.001,0,0,0.001,0,0,0,0,0,0,0,0,0,0,0,0,0,0,0,0,0.557,0,0,0.002,0,0,0,0,0,0,0,0,0.001,0,0,0.001,485088,247622,237466,0.983,0.98,0.985,Y,High,
PH166800000,Surigao del Sur,Caraga (Region XIII),PH160000000,Philippines (the),PH,11,Bisaya/Binisaya,0.381,0,0,0,0,0,0,0,0,0,0,0,0,0,0,0,0,0,0,0,0,0.381,0,0,0,0,0,0,0.111,0,0,0.001,0,0,0,0,0,0,0,0.006,0,0,0,0,0.002,0,0,0,0,0,0,0,0,0,0,0,0,0,0,0,0,0,0,0,0,0,0,0,0.011,0.033,0,0,0.002,0,0,0,0,0,0,0,0,0,0,0,0,0,0,0,0,0.285,0,0,0.002,0,0,0,0,0,0,0,0.002,0,0,0,0.162,592250,305365,286885,0.975,0.972,0.978,Y,High,
PH168500000,Dinagat Islands,Caraga (Region XIII),PH160000000,Philippines (the),PH,9,Bisaya/Binisaya,0.665,0,0,0,0,0,0,0,0,0,0,0,0,0,0,0,0,0,0.001,0,0,0.665,0,0,0,0,0,0,0.219,0.001,0,0.001,0,0,0,0,0,0,0,0.003,0,0,0,0,0,0,0,0,0,0,0,0,0,0,0,0,0,0,0,0,0,0,0,0,0,0,0,0,0,0,0,0,0,0,0,0,0,0,0,0,0,0,0,0,0,0,0,0,0,0.084,0,0,0.003,0,0,0,0,0,0,0,0.021,0,0,0,0.001,127152,64786,62366,0.984,0.983,0.985,Y,High,
PH174000000,Marinduque,Mimaropa (Region IV-B),PH170000000,Philippines (the),PH,2,Tagalog,0.997,0,0,0,0,0,0,0,0,0,0,0,0,0,0,0,0,0,0,0,0,0.001,0,0,0,0,0,0,0,0,0,0,0,0,0,0,0,0,0,0,0,0,0,0,0,0,0,0,0,0,0,0,0,0,0,0,0,0,0,0,0,0,0,0,0,0,0,0,0,0,0,0,0,0,0,0,0,0,0,0,0,0,0,0,0,0,0,0,0,0,0,0,0.997,0,0,0,0,0,0,0,0,0,0,0,0,234521,117935,116586,0.987,0.987,0.988,Y,High,
PH175100000,Occidental Mindoro,Mimaropa (Region IV-B),PH170000000,Philippines (the),PH,12,Tagalog,0.804,0,0,0,0,0,0,0.018,0,0,0,0,0,0,0,0,0,0,0.001,0,0,0.093,0,0,0,0.01,0,0,0.008,0,0,0,0,0,0,0,0,0.005,0,0.002,0,0,0,0,0.031,0,0.014,0,0,0,0,0,0,0,0,0,0,0,0,0,0,0.006,0,0,0,0,0,0,0,0,0,0,0,0,0,0,0,0,0,0,0,0,0,0,0,0,0,0,0,0,0,0,0.804,0,0,0.008,0,0,0,0,0,0,0,0,0,487414,253081,234333,0.953,0.951,0.954,Y,High,
PH175200000,Oriental Mindoro,Mimaropa (Region IV-B),PH170000000,Philippines (the),PH,14,Tagalog,0.863,0,0,0,0,0,0,0.008,0,0,0,0,0,0,0,0,0.001,0,0.001,0,0,0.069,0,0,0,0.009,0,0,0.001,0,0,0,0,0,0.001,0,0,0.028,0,0,0,0,0,0,0.005,0,0.003,0,0,0,0,0,0,0,0,0,0,0,0,0,0,0,0,0,0,0,0,0,0,0,0,0,0,0,0,0,0,0,0,0,0,0,0,0,0.001,0,0,0,0,0,0.003,0,0.863,0,0,0.002,0,0,0,0,0,0,0,0,0.003,844059,428394,415665,0.966,0.966,0.966,Y,High,
PH175300000,Palawan,Mimaropa (Region IV-B),PH170000000,Philippines (the),PH,23,Tagalog,0.483,0,0,0,0,0.011,0.003,0,0,0,0,0,0,0,0,0,0,0,0.002,0,0,0.035,0,0,0,0,0.012,0,0.035,0,0.164,0,0,0,0,0,0,0,0,0.078,0,0,0,0,0.007,0,0,0,0,0,0,0,0.012,0,0,0,0,0,0,0,0,0.008,0,0,0,0,0,0,0,0,0,0,0.002,0,0.004,0,0.012,0,0,0.012,0.001,0.08,0,0,0.001,0,0,0,0,0,0,0,0.483,0.013,0.005,0,0.005,0,0,0,0.005,0,0,0,0.007,1104585,572514,532071,0.947,0.947,0.946,Y,High,
PH175900000,Romblon,Mimaropa (Region IV-B),PH170000000,Philippines (the),PH,7,Other languages,0.404,0,0,0,0,0,0,0,0,0,0,0,0,0,0,0,0.112,0,0,0,0,0.12,0,0,0,0,0,0,0,0,0,0,0,0,0,0,0,0,0,0.001,0,0,0,0,0,0,0,0,0,0,0,0,0,0,0,0,0,0,0,0,0,0.055,0,0,0,0,0,0,0,0,0,0,0,0,0.001,0,0,0,0,0,0,0,0,0,0.245,0,0,0,0,0,0,0,0.061,0,0,0,0,0,0,0,0,0,0,0,0.404,292781,148205,144576,0.979,0.979,0.978,Y,High,
PH184500000,Negros Occidental,Negros Island Region (NIR),PH180000000,Philippines (the),PH,4,Hiligaynon Ilonggo,0.843,0,0,0,0,0,0,0,0,0,0,0,0,0,0,0,0,0,0,0,0,0.072,0,0,0,0,0,0,0.08,0,0,0,0,0,0,0,0,0,0,0.843,0,0,0,0,0,0,0,0,0,0,0,0,0,0,0,0,0,0,0,0,0,0,0,0,0,0,0,0,0,0,0,0,0,0,0,0,0,0,0,0,0,0,0,0,0,0,0,0,0,0,0,0,0.001,0,0,0,0,0,0,0,0,0,0,0,0.002,3059136,1558842,1500294,0.975,0.972,0.978,Y,High,"Negros Occidental and Negros Oriental be reverted to Western Visayas and Central Visayas, respectively."
PH184600000,Negros Oriental,Negros Island Region (NIR),PH180000000,Philippines (the),PH,7,Bisaya/Binisaya,0.811,0,0,0,0,0,0,0,0,0,0,0,0,0,0,0,0,0,0,0,0.001,0.811,0,0,0,0,0,0,0.15,0,0,0,0,0,0.002,0,0,0,0,0.03,0,0,0,0,0,0,0,0,0,0,0,0,0,0,0,0,0,0,0,0,0,0.004,0,0,0,0,0,0,0,0,0,0,0,0,0,0,0,0,0,0,0,0,0,0,0,0,0,0,0,0,0,0,0.001,0,0,0,0,0,0,0,0,0,0,0,0,1354995,690141,664854,0.949,0.942,0.955,Y,High,"Negros Occidental and Negros Oriental be reverted to Western Visayas and Central Visayas, respectively."
