City,Type,name,about,Classification,address,price,no_of_rooms,amenities,specialty,special_diets,meals,review_1,reviewer_1,review_2,reviewer_2,review_3,reviewer_3,review_4,reviewer_4,review_5,reviewer_5,review_6,reviewer_6,review_7,reviewer_7,review_8,reviewer_8,review_9,reviewer_9,review_10,reviewer_10,review_11,reviewer_11,review_12,reviewer_12,review_13,reviewer_13,review_14,reviewer_14,review_15,reviewer_15,review_16,reviewer_16,review_17,reviewer_17,review_18,reviewer_18,review_19,reviewer_19,review_20,reviewer_20
 Taguig,Hotel,City Park Hotel Manila,"City Park Hotel room is fully furnished with a great exceptionality for an accommodation in a trendy style that surely ensemble customer‚Äôs economical need and satisfaction. Our ultramodern glass bathroom is fully equipped with a rain shower, heater, decent mirror and complimentary toiletries as well as all the amenities you could possibly requisite during your stay.",N/A,"Bayani Road Lot 21 Blk 86,, Taguig City, Luzon 1630 Philippines",No Data,25,"['Free parking', 'Free High Speed Internet (WiFi)', 'Free breakfast', 'Children Activities (Kid / Family Friendly)', 'Airport transportation', 'Banquet room', 'Concierge', 'Non-smoking hotel', 'Wifi', 'Bar / lounge', 'Restaurant', 'Breakfast available', 'Laundry service', 'Air conditioning', 'Refrigerator', 'Non-smoking rooms', 'Suites']",N/A,N/A,N/A,Costumer service was great!  For sure I‚Äôll be coming back! Note: 5th floor has a nice restaurant and nice music at night. If you‚Äôre looking for nice and value for your money. This is the place to be...,Donald C,"The room was great. Has enough space for a family of four. Took the City Twin room, the queen size beds are perfect and good to sleep on. Lightning is good too, specially, the make-up mirror, love it. Comfort room is okay too, water supply is great. Just lack supply of lotion, no hair dryer to use and no bedroom sleepers provided. We availed a roomstay with free breakfast, sadly, not satisfied with so limited choices of food. Only two viands and eggs are provided upon request. No butter wven to match a toasted bread. Appreciated the discount vouchers they given for Samgyeopsal resto and roof deck bar. Wifi is just okay, not that fast but still a bit good connection. Cable channel is quite limited and still okay. Didn't expect for a good veranda view. The main complaint we have",Jas B,"Very spacious room, Nice and comfy bed, food is okay they have choices, accommodating staff. Great view of the city. Cozy ambiance of the room, cable TV. I was alone but the staff at the restaurant really kept me entertained.",JanneyCo,"If you first come in in the lobby, you would thing that the place is small but the room is actually big. It's clean, the bed is comfortable and aircon is really cold. Toiletries are complete. However, no slippers which is fine with us. Also, the room was complete with a small refrigerator, water heater, coffee and comp bottled water.  Oh yeah, no cable, but just a TV plus (local channels).   We had a nice time that we even extended our stay. While we had trouble as we mistakenly booked in the wrong dates the staff were super helpful and nice about it and didn't charge us at all (we just had to coordinate with Agoda which was easy and quick too).  The Afterhours rooftop bar was also a plus and a good place to hang out.  Just don't except too much for breakfast, it was ok. Also,",JoMC,"My flight arrived in NAIA at 1000hrs, so I had breakfast in the airport before heading to the hotel arriving around noon.   Now this is where it gets weird! I arrived and went to reception desk where there was one member of staff who was working on paperwork.   I stood there...was ignored.... said hello, this was not acknowledged didn‚Äôt even look up.  Departing guests came to the desk and she immediately dealt with them, but ignored me completely.   It was as if I had turned invisible and she could not see or hear me!  Attending to everyone else but ignoring me! After around 30 minutes a manager from the restaurant appeared in the lobby,  so I explained my situation to him,   Very apologetic and immediately dealt with me.  Showing me to my room.  The room itself was spacious,",saf7670,"This has to be one of the worst hotels I ever stayed at. First of all check in was 2 PM but they couldn‚Äôt get their act together until 230, then they tried to hit me up for another thousand peso security deposit which I refused. But honestly they need to shut the hotel down until they get their plumbing problems fixed. Immediately the sink was leaking water. They came and fixed it but then the sink started backing up. The most unbelievable issues is they didn‚Äôt want you using toilet paper in the toilet. I say what, is this a joke? No Westerner would find that acceptable. The restaurant on the fifth floor was nice but that‚Äôs the only last thing I can say nice about this horrid place",Dan S,"My Family and I stayed at this Hotel and we were in awe about the interior, the lobby has this star like lights that if you look up, you can imagine looking at the galaxy. They also have a lobby cafe that lets you drink coffee and eat pastry while waiting for your room or while waiting for personal reasons. As we went up the City Twin, we were very happy to see 2 queen size beds that can fit us. The bathroom is spacious and they had hot and cold shower. They also have a nice roofdeck view of the city and they also have a delicious and affordable food menu. They are more of filipino style but the servers told me that they will have soon some more for the menu. Overall we really enjoyed and had fun even if they don't have much amenities.",Merlinda James F,Costumer service was great!  For sure I‚Äôll be coming back! Note: 5th floor has a nice restaurant and nice music at night. If you‚Äôre looking for nice and value for your money. This is the place to be...,Donald C,"The room was great. Has enough space for a family of four. Took the City Twin room, the queen size beds are perfect and good to sleep on. Lightning is good too, specially, the make-up mirror, love it. Comfort room is okay too, water supply is great. Just lack supply of lotion, no hair dryer to use and no bedroom sleepers provided. We availed a roomstay with free breakfast, sadly, not satisfied with so limited choices of food. Only two viands and eggs are provided upon request. No butter wven to match a toasted bread. Appreciated the discount vouchers they given for Samgyeopsal resto and roof deck bar. Wifi is just okay, not that fast but still a bit good connection. Cable channel is quite limited and still okay. Didn't expect for a good veranda view. The main complaint we have",Jas B,"Very spacious room, Nice and comfy bed, food is okay they have choices, accommodating staff. Great view of the city. Cozy ambiance of the room, cable TV. I was alone but the staff at the restaurant really kept me entertained.",JanneyCo,"If you first come in in the lobby, you would thing that the place is small but the room is actually big. It's clean, the bed is comfortable and aircon is really cold. Toiletries are complete. However, no slippers which is fine with us. Also, the room was complete with a small refrigerator, water heater, coffee and comp bottled water.  Oh yeah, no cable, but just a TV plus (local channels).   We had a nice time that we even extended our stay. While we had trouble as we mistakenly booked in the wrong dates the staff were super helpful and nice about it and didn't charge us at all (we just had to coordinate with Agoda which was easy and quick too).  The Afterhours rooftop bar was also a plus and a good place to hang out.  Just don't except too much for breakfast, it was ok. Also,",JoMC,"My flight arrived in NAIA at 1000hrs, so I had breakfast in the airport before heading to the hotel arriving around noon.   Now this is where it gets weird! I arrived and went to reception desk where there was one member of staff who was working on paperwork.   I stood there...was ignored.... said hello, this was not acknowledged didn‚Äôt even look up.  Departing guests came to the desk and she immediately dealt with them, but ignored me completely.   It was as if I had turned invisible and she could not see or hear me!  Attending to everyone else but ignoring me! After around 30 minutes a manager from the restaurant appeared in the lobby,  so I explained my situation to him,   Very apologetic and immediately dealt with me.  Showing me to my room.  The room itself was spacious,",saf7670,No Data,No Data,No Data,No Data,No Data,No Data,No Data,No Data,No Data,No Data,No Data,No Data,No Data,No Data,No Data,No Data
 Taguig,Restaurant,"High Street Cafe, Taguig City",Nine culinary neighborhoods; one High Street.,N/A,"30th Street Corner 5th Avenue 2nd Floor, Shangri-La The Fort, Manila, Bonifacio Global City, Taguig City, Luzon 1634 Philippines",No Data,N/A,N/A,No Data,No Data,No Data,Passable, tylersY4577AX196 reviews,Excellent, hmry191 review,Family Dinner, joaneychu1 review,Nothing spectacular, flipflop525191 reviews,Amazing service!, marahglam3 reviews,Treated like Family, Scott D2 reviews,Buffet lunch, Mariiieee341 review,Team Celebration, S5878GElorenzof1 review,My little brother's birthday celebration, thirdyr19911 review,Quick Dinner, jonalyng5391 review,Good place for family events, r0meliechelseae2 reviews,Amazing Food Choices, JD03902 reviews,Birthday celebration, Tastebuddy766 reviews,PERFECT CHOICE FOR DINNER!!!ü§ó, Andrea823411 review,High street cafe breakfast, daniellehokay1 review,Lunch @ The Fort, Nancy_26fruelda1 review,"Disappointed, hungry and agitated guests dining with our kids.", myangelinsky4 reviews,What a Beautiful day !, Global3517301 review,"Excellent food, service and", MT5011 review,Lunch buffet, HiddenUniMoo171 review
 Taguig,Restaurant,"High Street Lounge, Taguig City",No Data,N/A,"30th Street Corner 5th Avenue Level 8, Shangri-La The Fort, Manila, Bonifacio Global City, Taguig City, Luzon 1634 Philippines",No Data,N/A,N/A,Bar,No Data,"Breakfast, Lunch, Dinner, Brunch",Fave Place To Chill: High Street Lounge, EllaP1891 review,Best EVER!, TheWards1431 review,Issa was amazing! , 107rubenj2 reviews,Our favorite hang-out place, grematorres1 review,Business at lounge, Pioneer7683371 review,"Great food, great service", IamlovedbytheKing1 review,Breakfast, chelsearitz1 review,Chill place ever!!!, Trixalc1 review,Experience Wise üëèüèª, sabsynes1 review,It is not pricey at what other people thinks., Y2315ILrobd1 review,High Street Lounge ‚ù§Ô∏è, dennisemich1 review,Incredible granola!!!, Inter-nat-nal101 reviews,Morning breakfast :), 597yurio1 review,Mondays at Shangri-la the Fort Cafe, erikahptn1 review,Lunch at Shangri-La (BGC), TomJimenezO21 review,Great ambiance and good service, Galelalu17 reviews,A 5star service, Storyteller8131491 review,High Tea with my daughter, macylacejean45 reviews,"A lovely, delicious respite", Shirley L3 reviews,Home away from home, Cary30242 reviews
 Taguig,Restaurant,"Ministry of Crab, Manila, Taguig City",No Data,N/A,"30th Street corner 5th Avenue, Shangri-La The Fort, Bonifacio Global City, Taguig City, Luzon 1634 Philippines",PHP¬†3 - PHP¬†4,N/A,N/A,"Seafood, Asian",No Data,No Data,Must try if you Love Crabs, Nestor C67 reviews,Holy Crab ü¶Ä , rodney618716 reviews,Best Crab, L1644LQmichelleg1 review,Crabzilla-night to remember!, marymike11301 review,Truly a Happy Anniversary for us, 467sherryg1 review,Very nice place , U1192OVhassana35 reviews,Best Crabs!, rafaelveracruz1 review,Amazing!, ZacharyT1961 review,Hands-on with the Ministry. ü§üüèΩ, 219Swirly1 review,Memorable Dining Experience!, Mr_noni95 reviews,Romantic dinner, GuadaHeights1 review,Good food. Must try!, chukieg1 review,Must try, X5052ERdianef1 review,Best crab in town. Excellent service, Isa G3 reviews,WORTH IT <3, MagicConch48742 reviews,Highly recommended!, arielcsantos2 reviews,(crab)-heaven is a place on earth!, cathsywhatsy6 reviews,Highly recommended!! üëèüèªüòãü¶Äü¶êü¶ûüòª, danielasong5 reviews,Unforgettable experience!, aryannepadilha22 reviews,AMAZING!!, worldtravler111115 reviews
 Taguig,Restaurant,"Samba, Taguig City",No Data,N/A,"30th 5th Avenue Bonifacio Global City, Taguig City, Luzon 1630 Philippines",No Data,N/A,N/A,No Data,No Data,No Data,Poor service, JESSICA L7 reviews,Birthday Goodies, ChrisTopz30 reviews,Best Peruvian in town, travelsbymouth2 reviews,Our first time to try Peruvian, DianeChrisG2 reviews,Such a fine dining experience!!! , sharonp9723 reviews,Great place and ambiance, rmmercado061 review,Once in a lifetime experience, eugeniabrashovsky5 reviews,Excellent food (the Oysters, MJB592086 reviews,Tasty Peruvian seafood! Atmosphere and drinks however less special, nikolaikb39 reviews,Delicious Peruvian food with excellent health and safety protocols, hernameiswendy105 reviews,Clean & Sanitized Restaurant and Wonderful Food, kattnja1 review,A bounty of seafood!, Emiliana S18 reviews,Great food and Filipino hospitality at its finest, Kimshooo5 reviews,Good place for business meetings, mmoperario182 reviews,Dining as an experience, lpk325161 reviews,Satisfying dining experience!, yamio88881 review,1st Timer's Review, joshuaecruz1 review,Birthday celebration, 73chinedun1 review,Samba Will Make a Regular Out of You, andrews-fenu1 review,Great Bar and restaurant to hang out, inhale-exhale32174 reviews
 Taguig,Restaurant,"The Cellar, Taguig City",No Data,N/A,"8th Avenue Corner 35th Street, Grand Hyatt Manila, Taguig City, Luzon 1634 Philippines","PHP¬†400 - PHP¬†1,600",N/A,N/A,"Wine Bar, International","Vegetarian Friendly, Vegan Options, Gluten Free Options",No Data,one of my favorite place in BGC, tibeiph1 review,Superb services with Wow factor, mannypalomo2 reviews,The Cellar at Grand Hyatt, Ruth_dolores1 review,Pleasantly Surprised, JeffM195226 reviews,Super nice place!!, Steffi6755551 review,DINNER IN CELEBRATION OF OUR ENGAGEMENT - ROMANTIC AND MEMORABLE, itsabbydeo3 reviews,The Cellar, 757abbies1 review,Best date place in Grand Hyatt, ReichD5 reviews,Excellent service, iAmMeicy2 reviews,BEST CELLAR, macherieav1 review,The Cellar, 951jadeb1 review,Stellar food  and impecable service!, paulalagos8 reviews,Date Night at The Cellar, zyratinio881 review,Awesome Birthday Dinner!!, Sh4dowm00on1 review,What a treat!, belvo852 reviews,The Cellar, nicdaquic1 review,The Cellar, angelocH6503UL2 reviews,The Cellar, mousseee1 review,New Year's toast at The Cellar, elainevega1 review,Amazing service! , Emma Louise T3 reviews
 Taguig,Restaurant,"The Grand Kitchen, Taguig City",No Data,N/A,"8th Avenue corner 35th Street Bonifacio Global City, Taguig City, Luzon 1634 Philippines",No Data,N/A,N/A,No Data,No Data,No Data,Pool House Dining Experience, milleng20191 review,Superb Service!, numr0522211 review,Great place to hang with your friends and fam üíñ, DanicaSoler13_1 review,Excellent food and customer service, mickeyongsioco2 reviews,Bday, Suuusie20211 review,The Grand Kitchen, RiellaJace231 review,The Grand Kitchen ... a good breakfast experience!, JeffM195226 reviews,Birthday dinner, marilouv20162 reviews,Madam Sherry‚Äôs Birthday Bash!, Yesashafierce1 review,Ate she's birthday, Dinkydoodle881 review,"Portion size was great, loved", Wandering S39 reviews,Dinner, Kish481 review,Ms, teresarS2793NV1 review,Best Service, jju1683 reviews,The Grand Kitchen, cha06042 reviews,Grand Kitchen 2021, 335antons1 review,Francis and April's Wedding, zobelmanuel1 review,Mr. Mikee and Kate were very, xtnsalcedo1 review,Happy Valentine‚Äôs buffet, stummyhurts1 review,Superb!, Vkgz1 review
 Taguig,Restaurant,"The Peak, Taguig City","A beautiful collision of a grill restaurant, speakeasy, whisky bar, and a music lounge, The Peak will take you from dining, to drinks, to an exceptional experience of the high life.",N/A,"8th Avenue corner 35th Street 60th - 62nd Floor, Taguig City, Luzon 1634 Philippines",No Data,N/A,N/A,No Data,No Data,No Data,Birthday Dinner, imericdumaual1 review,Anniversary Dinner, Danicaajoycee1 review,I sept my birthday here!, Msqueenofjetlags1 review,Birthday Dinner Date at The Peak Grand Hyatt BGC, victoriarodriguez1051 review,THE PEAK SERVICE, X7689TGjanh1 review,Birthday Celebration, JohnBatherson1 review,Perfect Mom's Day at Peak, nietskibest2 reviews,Mother's Day 2021, MrsLeeQuezonCity88 reviews,First Time High!, Christian Jan P1 review,Sunsets and happy hour, to_dixieland1 review,The Peak Dinner, Thechosenone321 review,Could not be better , SandrineF7433 reviews,Sunset at the Peak, BeeTan20 reviews,BREATH TAKING 360' view of Manila, Benjzzzzz4 reviews,Great Food! Great service at The Peak!, mbmendozajr11302 reviews,Great first time at The Peak, 382arct3 reviews,Anniversary Celebration, JoydDc2272 reviews,Anniversary dinner, Missus_O81 review,Birthday Celebration, mannypalomo2 reviews,memorable anniversary dinner with the city lights, ariesgs03251 review
 Taguig,Tourist Site,Bonifacio Global City,No Data,Points of Interest & Landmarks,"Bonifacio Global City, Taguig City",0,N/A,N/A,N/A,N/A,N/A,"A great place to hang-out. Clean, modern and safe to walk. You can also choose different kind of restaurant that you want to try.",Bradley,"Nothing to to with Pilipino spirit, but definitely amazing what they have built here. Must look like a ghost city during the pandemic ",Elena Ciocan,"The malls and the park here is very relaxing, comparing it to Makati I find this place much better. I love going here to have a walk and enjoy time with friends and family.",travelbud.net,"My first time in Bonifacio on a weekend trip to Manila in Feb 2020. A surprisingly modern place with some decent hotels, restaurants and cocktail bars. Also very easy to walk around, which makes for a nice change from other parts of the city. Really feels like a modern international city here.",KGB777,Very clean and interesting city!  When you're around here you'll forget that you're in a third world country.  Clean and modern with lots of nice shops and restaurants.  Walked around to take note of the amazing mural on some of the buildings.  They were just so fabulous!,luxetrip,"Very clean, suitable for all ages. The place has everything you need, malls, cafes, parks, offices. Wish I live here",AJ I,"BGC is one of the most posh places in Manila. It‚Äôs a popular and high-end business district with plenty of business activities and areas for shopping, dining, and entertainment. For posh malling experience, Uptown Bonifacio and The Grand Canal at McKinley Hill are great places. The Grand Canal also has that Italian feel in it and you can enjoy riding the gondola. Market Market and SM Aura are huge malls. Market Market has plenty of options for food, and has plenty of transportation options to other parts of Manila.Bonifacio High Street is an outdoor shopping and dining strip with shops at both side of the pedestrian street which has a relaxing park-like vibe.When you‚Äôre in BGC, you‚Äôll feel like you‚Äôre transferred into a different world if you entered from the somewhat chaotic environs. Within the business district, electric cables are buried underground, so the city views are orderly. There are green spaces and plenty of high rise buildings.You could also walk from one end of the city to the other, and the air quality is much better compared to most areas in Metro Manila.",Makoto,"High Street in Bonifacio Global City is the place to be when visiting Manila, Taguig City. The pedestrian area, lined with greens and small parks has a nice atmosphere to it. It is a busy place and popular with young people and families. You can safely walk all the way up and down the couple blocks and enjoy the vibe. High street is full of brand stores and restaurants and caf√©s of any kind. Come here for an afternoon or an evening out with friends and enjoy the delicious foods and buskers. Enjoy the water features and greens and fresh air. ",inhale-exhale321,"An adventurer's mecca. A walkabout Bonifacio GLOBAL City will certainly satisfy your adventure curiosity from High Street, Mid town, Market Market and SM AURA. You will find an eyeful of everything BGC offers its  visitors.  Check it out!",Pasifiku671,"A very well developed place. Clean, safe and cozy. Living here is surely pleasurable and convenient. There are alot of bars to stay at this place and get merry. ",Nico Samneil Sy Salado,High end street - nice place to chill.  A business district with shops where you can find whatever you need from food to clothes. Luxury brand hotels nearby good for staycation with family as well.,Jane S,"My husband and I stay in BGC whenever in Manila, which is almost every year for the last 4 years.  Here you will find first-world accommodation (airbnb or hotel), restaurants, cafes, parks, bars, shopping, banks, services, etc....and yes, just about everything is overpriced compared to other Philippine cities and villages (minus Makati)...but it is the price you pay for seeking first world comforts and standards here. It‚Äôs a bit strange to have such a place in a third world (developing) country with typical chaos, poverty and pollution just outside the city limits.  However, we like it because of the safety, sanitation and convenience factor.  It‚Äôs also just an easy 20 min away (mb less outside rush hour) from the NAIA terminals where you can fly to any beautiful, peaceful and more authentically Filipino places.",Nancy de Guia,This area has really been built up over the past 10 years. Lots of shops and restaurants. Activities at night. Relatively safe to walk. Good fun. ,mabuhay878,It is great to see a lot of people .. It is great place to have meet up with friends. Lots of restaurants and fun.,LoveToTravel6467,"Place is clean, security is okay. Many shops and restaurants to go to, great place to bring your family and pets.",SaadTowheed,"this is one of the few places in the mess of Manila where you can stroll and have a safe night out.everything is functioning, good and modern infrastructure, safety and cleanlinessgood restaurants, clubs and bars and most important companies have an office there",gabayali,"It's like being in prison because it's so awful outside bgc so you never leave. Has movies, parks, dogs üêï, supermarkets, restaurants, offices, etc. Why leave...",sauraumpfa,"We dine in Mango tree- the food are good and the staff are courteous.We talk a walk/ stroll, watch people to break life city monotony Of always working.Then take to watch a movie, we also fetch my grandchildren from playing in a designated area in BGC.Good to spend weekends with the family.All of us enjoy, children and adult alike.",pinyinok,"Lots of restaurants, shops, malls and open spaces, great place to hang out with family and friends. Children love it.",Kizomama,"BGC by the name it has, its a definite Global City with the skyscrapers and the Global companies, tidy roads, green lawns etc. except the traffic congestions which everyone locally aware of it. If you take someone who was fall asleep from Manila airport to BGC and he woke up, he wont believe that you are in Manila. He would feel that you took him to the US or some other Global cities.  Worth to look at the city from a skyscraper during night time.  ",Cato K
